pe_rows,pe_cols,pe_count,ooc_variant,target_frequency_mhz,wns_ns,timing_met,estimated_fmax_mhz,lut,ff,expected_pe_dsp,routed_report_dsp,utilization_report,timing_report
8,8,64,ooc_implement,200,0.356,True,215.332,13341,13478,64,64,W4A4_PD_8_8/ooc_implement/freq_200MHz/hls/impl/verilog/report/gemv_kernel_utilization_routed.rpt,W4A4_PD_8_8/ooc_implement/freq_200MHz/hls/impl/verilog/project.runs/impl_1/bd_0_wrapper_timing_summary_routed.rpt
8,8,64,ooc_implement,220,0.73,True,262.092,13340,13478,64,64,W4A4_PD_8_8/ooc_implement/freq_220MHz/hls/impl/verilog/report/gemv_kernel_utilization_routed.rpt,W4A4_PD_8_8/ooc_implement/freq_220MHz/hls/impl/verilog/project.runs/impl_1/bd_0_wrapper_timing_summary_routed.rpt
8,8,64,ooc_implement,240,0.469,True,270.441,13355,13522,64,64,W4A4_PD_8_8/ooc_implement/freq_240MHz/hls/impl/verilog/report/gemv_kernel_utilization_routed.rpt,W4A4_PD_8_8/ooc_implement/freq_240MHz/hls/impl/verilog/project.runs/impl_1/bd_0_wrapper_timing_summary_routed.rpt
8,8,64,ooc_implement,260,0.29,True,281.203,13354,13521,64,64,W4A4_PD_8_8/ooc_implement/freq_260MHz/hls/impl/verilog/report/gemv_kernel_utilization_routed.rpt,W4A4_PD_8_8/ooc_implement/freq_260MHz/hls/impl/verilog/project.runs/impl_1/bd_0_wrapper_timing_summary_routed.rpt
8,8,64,ooc_implement,280,0.38,True,313.339,13354,13531,64,64,W4A4_PD_8_8/ooc_implement/freq_280MHz/hls/impl/verilog/report/gemv_kernel_utilization_routed.rpt,W4A4_PD_8_8/ooc_implement/freq_280MHz/hls/impl/verilog/project.runs/impl_1/bd_0_wrapper_timing_summary_routed.rpt
8,8,64,ooc_implement,300,0.243,True,323.59,13380,13524,64,64,W4A4_PD_8_8/ooc_implement/freq_300MHz/hls/impl/verilog/report/gemv_kernel_utilization_routed.rpt,W4A4_PD_8_8/ooc_implement/freq_300MHz/hls/impl/verilog/project.runs/impl_1/bd_0_wrapper_timing_summary_routed.rpt
8,8,64,ooc_implement,320,0.196,True,341.413,13375,13538,64,64,W4A4_PD_8_8/ooc_implement/freq_320MHz/hls/impl/verilog/report/gemv_kernel_utilization_routed.rpt,W4A4_PD_8_8/ooc_implement/freq_320MHz/hls/impl/verilog/project.runs/impl_1/bd_0_wrapper_timing_summary_routed.rpt
8,8,64,ooc_implement,340,0.203,True,365.207,13384,13546,64,64,W4A4_PD_8_8/ooc_implement/freq_340MHz/hls/impl/verilog/report/gemv_kernel_utilization_routed.rpt,W4A4_PD_8_8/ooc_implement/freq_340MHz/hls/impl/verilog/project.runs/impl_1/bd_0_wrapper_timing_summary_routed.rpt
8,8,64,ooc_implement,360,0.121,True,376.396,13395,13565,64,64,W4A4_PD_8_8/ooc_implement/freq_360MHz/hls/impl/verilog/report/gemv_kernel_utilization_routed.rpt,W4A4_PD_8_8/ooc_implement/freq_360MHz/hls/impl/verilog/project.runs/impl_1/bd_0_wrapper_timing_summary_routed.rpt
8,8,64,ooc_implement,380,0.13,True,399.748,13406,13564,64,64,W4A4_PD_8_8/ooc_implement/freq_380MHz/hls/impl/verilog/report/gemv_kernel_utilization_routed.rpt,W4A4_PD_8_8/ooc_implement/freq_380MHz/hls/impl/verilog/project.runs/impl_1/bd_0_wrapper_timing_summary_routed.rpt
8,8,64,ooc_implement,400,0.119,True,419.992,13487,13559,64,64,W4A4_PD_8_8/ooc_implement/freq_400MHz/hls/impl/verilog/report/gemv_kernel_utilization_routed.rpt,W4A4_PD_8_8/ooc_implement/freq_400MHz/hls/impl/verilog/project.runs/impl_1/bd_0_wrapper_timing_summary_routed.rpt
8,8,64,ooc_implement1,410,0.076,True,423.186,13483,13564,64,64,W4A4_PD_8_8/ooc_implement1/freq_410MHz/hls/impl/verilog/report/gemv_kernel_utilization_routed.rpt,W4A4_PD_8_8/ooc_implement1/freq_410MHz/hls/impl/verilog/project.runs/impl_1/bd_0_wrapper_timing_summary_routed.rpt
8,8,64,ooc_implement1,420,0.072,True,433.097,13465,13562,64,64,W4A4_PD_8_8/ooc_implement1/freq_420MHz/hls/impl/verilog/report/gemv_kernel_utilization_routed.rpt,W4A4_PD_8_8/ooc_implement1/freq_420MHz/hls/impl/verilog/project.runs/impl_1/bd_0_wrapper_timing_summary_routed.rpt
8,8,64,ooc_implement1,430,0.084,True,446.114,13647,13568,64,64,W4A4_PD_8_8/ooc_implement1/freq_430MHz/hls/impl/verilog/report/gemv_kernel_utilization_routed.rpt,W4A4_PD_8_8/ooc_implement1/freq_430MHz/hls/impl/verilog/project.runs/impl_1/bd_0_wrapper_timing_summary_routed.rpt
8,8,64,ooc_implement1,440,0.126,True,465.825,13647,13567,64,64,W4A4_PD_8_8/ooc_implement1/freq_440MHz/hls/impl/verilog/report/gemv_kernel_utilization_routed.rpt,W4A4_PD_8_8/ooc_implement1/freq_440MHz/hls/impl/verilog/project.runs/impl_1/bd_0_wrapper_timing_summary_routed.rpt
8,8,64,ooc_implement1,450,0.097,True,470.539,13666,13569,64,64,W4A4_PD_8_8/ooc_implement1/freq_450MHz/hls/impl/verilog/report/gemv_kernel_utilization_routed.rpt,W4A4_PD_8_8/ooc_implement1/freq_450MHz/hls/impl/verilog/project.runs/impl_1/bd_0_wrapper_timing_summary_routed.rpt
8,8,64,ooc_implement1,460,0.047,True,470.165,13661,13571,64,64,W4A4_PD_8_8/ooc_implement1/freq_460MHz/hls/impl/verilog/report/gemv_kernel_utilization_routed.rpt,W4A4_PD_8_8/ooc_implement1/freq_460MHz/hls/impl/verilog/project.runs/impl_1/bd_0_wrapper_timing_summary_routed.rpt
8,8,64,ooc_implement1,470,0.052,True,481.775,13666,13565,64,64,W4A4_PD_8_8/ooc_implement1/freq_470MHz/hls/impl/verilog/report/gemv_kernel_utilization_routed.rpt,W4A4_PD_8_8/ooc_implement1/freq_470MHz/hls/impl/verilog/project.runs/impl_1/bd_0_wrapper_timing_summary_routed.rpt
8,8,64,ooc_implement1,480,0.019,True,484.418,13698,13570,64,64,W4A4_PD_8_8/ooc_implement1/freq_480MHz/hls/impl/verilog/report/gemv_kernel_utilization_routed.rpt,W4A4_PD_8_8/ooc_implement1/freq_480MHz/hls/impl/verilog/project.runs/impl_1/bd_0_wrapper_timing_summary_routed.rpt
8,8,64,ooc_implement1,490,-0.012,False,487.136,13699,13574,64,64,W4A4_PD_8_8/ooc_implement1/freq_490MHz/hls/impl/verilog/report/gemv_kernel_utilization_routed.rpt,W4A4_PD_8_8/ooc_implement1/freq_490MHz/hls/impl/verilog/project.runs/impl_1/bd_0_wrapper_timing_summary_routed.rpt
8,8,64,ooc_implement1,495,0.016,True,498.952,13699,13568,64,64,W4A4_PD_8_8/ooc_implement1/freq_495MHz/hls/impl/verilog/report/gemv_kernel_utilization_routed.rpt,W4A4_PD_8_8/ooc_implement1/freq_495MHz/hls/impl/verilog/project.runs/impl_1/bd_0_wrapper_timing_summary_routed.rpt
8,8,64,ooc_implement1,500,-0.109,False,474.158,13728,13574,64,64,W4A4_PD_8_8/ooc_implement1/freq_500MHz/hls/impl/verilog/report/gemv_kernel_utilization_routed.rpt,W4A4_PD_8_8/ooc_implement1/freq_500MHz/hls/impl/verilog/project.runs/impl_1/bd_0_wrapper_timing_summary_routed.rpt
8,8,64,ooc_implement1,505,-0.12,False,476.146,13703,13567,64,64,W4A4_PD_8_8/ooc_implement1/freq_505MHz/hls/impl/verilog/report/gemv_kernel_utilization_routed.rpt,W4A4_PD_8_8/ooc_implement1/freq_505MHz/hls/impl/verilog/project.runs/impl_1/bd_0_wrapper_timing_summary_routed.rpt
8,8,64,ooc_implement1,510,-0.008,False,507.928,13709,13566,64,64,W4A4_PD_8_8/ooc_implement1/freq_510MHz/hls/impl/verilog/report/gemv_kernel_utilization_routed.rpt,W4A4_PD_8_8/ooc_implement1/freq_510MHz/hls/impl/verilog/project.runs/impl_1/bd_0_wrapper_timing_summary_routed.rpt
8,8,64,ooc_implement1,515,-0.177,False,471.977,13709,13574,64,64,W4A4_PD_8_8/ooc_implement1/freq_515MHz/hls/impl/verilog/report/gemv_kernel_utilization_routed.rpt,W4A4_PD_8_8/ooc_implement1/freq_515MHz/hls/impl/verilog/project.runs/impl_1/bd_0_wrapper_timing_summary_routed.rpt
8,8,64,ooc_implement1,520,-0.176,False,476.4,13740,13565,64,64,W4A4_PD_8_8/ooc_implement1/freq_520MHz/hls/impl/verilog/report/gemv_kernel_utilization_routed.rpt,W4A4_PD_8_8/ooc_implement1/freq_520MHz/hls/impl/verilog/project.runs/impl_1/bd_0_wrapper_timing_summary_routed.rpt
8,8,64,ooc_implement1,530,-0.115,False,499.552,13733,13559,64,64,W4A4_PD_8_8/ooc_implement1/freq_530MHz/hls/impl/verilog/report/gemv_kernel_utilization_routed.rpt,W4A4_PD_8_8/ooc_implement1/freq_530MHz/hls/impl/verilog/project.runs/impl_1/bd_0_wrapper_timing_summary_routed.rpt
8,8,64,ooc_implement1,540,-0.097,False,513.123,13740,13574,64,64,W4A4_PD_8_8/ooc_implement1/freq_540MHz/hls/impl/verilog/report/gemv_kernel_utilization_routed.rpt,W4A4_PD_8_8/ooc_implement1/freq_540MHz/hls/impl/verilog/project.runs/impl_1/bd_0_wrapper_timing_summary_routed.rpt
8,8,64,ooc_implement1,550,-0.223,False,489.912,13740,13568,64,64,W4A4_PD_8_8/ooc_implement1/freq_550MHz/hls/impl/verilog/report/gemv_kernel_utilization_routed.rpt,W4A4_PD_8_8/ooc_implement1/freq_550MHz/hls/impl/verilog/project.runs/impl_1/bd_0_wrapper_timing_summary_routed.rpt
8,8,64,ooc_implement1,560,-0.355,False,467.134,13815,13594,64,64,W4A4_PD_8_8/ooc_implement1/freq_560MHz/hls/impl/verilog/report/gemv_kernel_utilization_routed.rpt,W4A4_PD_8_8/ooc_implement1/freq_560MHz/hls/impl/verilog/project.runs/impl_1/bd_0_wrapper_timing_summary_routed.rpt
8,8,64,ooc_implement1,570,-0.445,False,454.672,13834,13572,64,64,W4A4_PD_8_8/ooc_implement1/freq_570MHz/hls/impl/verilog/report/gemv_kernel_utilization_routed.rpt,W4A4_PD_8_8/ooc_implement1/freq_570MHz/hls/impl/verilog/project.runs/impl_1/bd_0_wrapper_timing_summary_routed.rpt
8,8,64,ooc_implement1,580,-0.282,False,498.47,13881,13579,64,64,W4A4_PD_8_8/ooc_implement1/freq_580MHz/hls/impl/verilog/report/gemv_kernel_utilization_routed.rpt,W4A4_PD_8_8/ooc_implement1/freq_580MHz/hls/impl/verilog/project.runs/impl_1/bd_0_wrapper_timing_summary_routed.rpt
16,16,256,ooc_implement,200,0.443,True,219.443,34063,30601,256,256,W4A4_PD_16_16/ooc_implement/freq_200MHz/hls/impl/verilog/report/gemv_kernel_utilization_routed.rpt,W4A4_PD_16_16/ooc_implement/freq_200MHz/hls/impl/verilog/project.runs/impl_1/bd_0_wrapper_timing_summary_routed.rpt
16,16,256,ooc_implement,220,0.301,True,235.602,34062,30631,256,256,W4A4_PD_16_16/ooc_implement/freq_220MHz/hls/impl/verilog/report/gemv_kernel_utilization_routed.rpt,W4A4_PD_16_16/ooc_implement/freq_220MHz/hls/impl/verilog/project.runs/impl_1/bd_0_wrapper_timing_summary_routed.rpt
16,16,256,ooc_implement,240,0.097,True,245.72,34083,30637,256,256,W4A4_PD_16_16/ooc_implement/freq_240MHz/hls/impl/verilog/report/gemv_kernel_utilization_routed.rpt,W4A4_PD_16_16/ooc_implement/freq_240MHz/hls/impl/verilog/project.runs/impl_1/bd_0_wrapper_timing_summary_routed.rpt
16,16,256,ooc_implement,260,0.127,True,268.878,34083,30634,256,256,W4A4_PD_16_16/ooc_implement/freq_260MHz/hls/impl/verilog/report/gemv_kernel_utilization_routed.rpt,W4A4_PD_16_16/ooc_implement/freq_260MHz/hls/impl/verilog/project.runs/impl_1/bd_0_wrapper_timing_summary_routed.rpt
16,16,256,ooc_implement,280,0.162,True,293.304,34090,30642,256,256,W4A4_PD_16_16/ooc_implement/freq_280MHz/hls/impl/verilog/report/gemv_kernel_utilization_routed.rpt,W4A4_PD_16_16/ooc_implement/freq_280MHz/hls/impl/verilog/project.runs/impl_1/bd_0_wrapper_timing_summary_routed.rpt
16,16,256,ooc_implement,300,0.076,True,307.0,34081,30663,256,256,W4A4_PD_16_16/ooc_implement/freq_300MHz/hls/impl/verilog/report/gemv_kernel_utilization_routed.rpt,W4A4_PD_16_16/ooc_implement/freq_300MHz/hls/impl/verilog/project.runs/impl_1/bd_0_wrapper_timing_summary_routed.rpt
16,16,256,ooc_implement,320,0.127,True,333.556,34104,30682,256,256,W4A4_PD_16_16/ooc_implement/freq_320MHz/hls/impl/verilog/report/gemv_kernel_utilization_routed.rpt,W4A4_PD_16_16/ooc_implement/freq_320MHz/hls/impl/verilog/project.runs/impl_1/bd_0_wrapper_timing_summary_routed.rpt
16,16,256,ooc_implement,340,0.082,True,349.751,34130,30678,256,256,W4A4_PD_16_16/ooc_implement/freq_340MHz/hls/impl/verilog/report/gemv_kernel_utilization_routed.rpt,W4A4_PD_16_16/ooc_implement/freq_340MHz/hls/impl/verilog/project.runs/impl_1/bd_0_wrapper_timing_summary_routed.rpt
16,16,256,ooc_implement,360,0.068,True,369.034,34254,30685,256,256,W4A4_PD_16_16/ooc_implement/freq_360MHz/hls/impl/verilog/report/gemv_kernel_utilization_routed.rpt,W4A4_PD_16_16/ooc_implement/freq_360MHz/hls/impl/verilog/project.runs/impl_1/bd_0_wrapper_timing_summary_routed.rpt
16,16,256,ooc_implement,380,0.026,True,383.792,34260,30685,256,256,W4A4_PD_16_16/ooc_implement/freq_380MHz/hls/impl/verilog/report/gemv_kernel_utilization_routed.rpt,W4A4_PD_16_16/ooc_implement/freq_380MHz/hls/impl/verilog/project.runs/impl_1/bd_0_wrapper_timing_summary_routed.rpt
16,16,256,ooc_implement,400,-0.009,False,398.565,34341,30698,256,256,W4A4_PD_16_16/ooc_implement/freq_400MHz/hls/impl/verilog/report/gemv_kernel_utilization_routed.rpt,W4A4_PD_16_16/ooc_implement/freq_400MHz/hls/impl/verilog/project.runs/impl_1/bd_0_wrapper_timing_summary_routed.rpt
32,32,1024,ooc_implement,200,0.261,True,211.015,105204,83830,1024,1024,W4A4_PD_32_32/ooc_implement/freq_200MHz/hls/impl/verilog/report/gemv_kernel_utilization_routed.rpt,W4A4_PD_32_32/ooc_implement/freq_200MHz/hls/impl/verilog/project.runs/impl_1/bd_0_wrapper_timing_summary_routed.rpt
32,32,1024,ooc_implement,220,0.189,True,229.544,105206,83863,1024,1024,W4A4_PD_32_32/ooc_implement/freq_220MHz/hls/impl/verilog/report/gemv_kernel_utilization_routed.rpt,W4A4_PD_32_32/ooc_implement/freq_220MHz/hls/impl/verilog/project.runs/impl_1/bd_0_wrapper_timing_summary_routed.rpt
32,32,1024,ooc_implement,240,0.121,True,247.178,105203,83872,1024,1024,W4A4_PD_32_32/ooc_implement/freq_240MHz/hls/impl/verilog/report/gemv_kernel_utilization_routed.rpt,W4A4_PD_32_32/ooc_implement/freq_240MHz/hls/impl/verilog/project.runs/impl_1/bd_0_wrapper_timing_summary_routed.rpt
32,32,1024,ooc_implement,260,0.042,True,262.871,105206,83862,1024,1024,W4A4_PD_32_32/ooc_implement/freq_260MHz/hls/impl/verilog/report/gemv_kernel_utilization_routed.rpt,W4A4_PD_32_32/ooc_implement/freq_260MHz/hls/impl/verilog/project.runs/impl_1/bd_0_wrapper_timing_summary_routed.rpt
32,32,1024,ooc_implement,280,0.026,True,282.053,105233,83867,1024,1024,W4A4_PD_32_32/ooc_implement/freq_280MHz/hls/impl/verilog/report/gemv_kernel_utilization_routed.rpt,W4A4_PD_32_32/ooc_implement/freq_280MHz/hls/impl/verilog/project.runs/impl_1/bd_0_wrapper_timing_summary_routed.rpt
32,32,1024,ooc_implement,300,0.014,True,301.265,105275,83935,1024,1024,W4A4_PD_32_32/ooc_implement/freq_300MHz/hls/impl/verilog/report/gemv_kernel_utilization_routed.rpt,W4A4_PD_32_32/ooc_implement/freq_300MHz/hls/impl/verilog/project.runs/impl_1/bd_0_wrapper_timing_summary_routed.rpt
32,32,1024,ooc_implement,320,-0.053,False,314.663,105415,83933,1024,1024,W4A4_PD_32_32/ooc_implement/freq_320MHz/hls/impl/verilog/report/gemv_kernel_utilization_routed.rpt,W4A4_PD_32_32/ooc_implement/freq_320MHz/hls/impl/verilog/project.runs/impl_1/bd_0_wrapper_timing_summary_routed.rpt
32,32,1024,ooc_implement,340,0.031,True,343.622,105442,83931,1024,1024,W4A4_PD_32_32/ooc_implement/freq_340MHz/hls/impl/verilog/report/gemv_kernel_utilization_routed.rpt,W4A4_PD_32_32/ooc_implement/freq_340MHz/hls/impl/verilog/project.runs/impl_1/bd_0_wrapper_timing_summary_routed.rpt
32,32,1024,ooc_implement,360,-0.175,False,338.664,105541,83936,1024,1024,W4A4_PD_32_32/ooc_implement/freq_360MHz/hls/impl/verilog/report/gemv_kernel_utilization_routed.rpt,W4A4_PD_32_32/ooc_implement/freq_360MHz/hls/impl/verilog/project.runs/impl_1/bd_0_wrapper_timing_summary_routed.rpt
32,32,1024,ooc_implement,380,-0.197,False,353.534,105549,83969,1024,1024,W4A4_PD_32_32/ooc_implement/freq_380MHz/hls/impl/verilog/report/gemv_kernel_utilization_routed.rpt,W4A4_PD_32_32/ooc_implement/freq_380MHz/hls/impl/verilog/project.runs/impl_1/bd_0_wrapper_timing_summary_routed.rpt
32,32,1024,ooc_implement,400,-0.608,False,321.75,106162,83991,1024,1024,W4A4_PD_32_32/ooc_implement/freq_400MHz/hls/impl/verilog/report/gemv_kernel_utilization_routed.rpt,W4A4_PD_32_32/ooc_implement/freq_400MHz/hls/impl/verilog/project.runs/impl_1/bd_0_wrapper_timing_summary_routed.rpt
48,48,2304,ooc_implement,200,0.121,True,204.96,221207,168384,2304,2304,W4A4_PD_48_48/ooc_implement/freq_200MHz/hls/impl/verilog/report/gemv_kernel_utilization_routed.rpt,W4A4_PD_48_48/ooc_implement/freq_200MHz/hls/impl/verilog/project.runs/impl_1/bd_0_wrapper_timing_summary_routed.rpt
48,48,2304,ooc_implement,220,0.139,True,226.94,221298,168540,2304,2304,W4A4_PD_48_48/ooc_implement/freq_220MHz/hls/impl/verilog/report/gemv_kernel_utilization_routed.rpt,W4A4_PD_48_48/ooc_implement/freq_220MHz/hls/impl/verilog/project.runs/impl_1/bd_0_wrapper_timing_summary_routed.rpt
48,48,2304,ooc_implement,240,-0.003,False,239.827,221014,168487,2304,2304,W4A4_PD_48_48/ooc_implement/freq_240MHz/hls/impl/verilog/report/gemv_kernel_utilization_routed.rpt,W4A4_PD_48_48/ooc_implement/freq_240MHz/hls/impl/verilog/project.runs/impl_1/bd_0_wrapper_timing_summary_routed.rpt
48,48,2304,ooc_implement,260,-0.602,False,224.812,221013,168631,2304,2304,W4A4_PD_48_48/ooc_implement/freq_260MHz/hls/impl/verilog/report/gemv_kernel_utilization_routed.rpt,W4A4_PD_48_48/ooc_implement/freq_260MHz/hls/impl/verilog/project.runs/impl_1/bd_0_wrapper_timing_summary_routed.rpt
48,48,2304,ooc_implement,280,-0.404,False,251.545,221371,169385,2304,2304,W4A4_PD_48_48/ooc_implement/freq_280MHz/hls/impl/verilog/report/gemv_kernel_utilization_routed.rpt,W4A4_PD_48_48/ooc_implement/freq_280MHz/hls/impl/verilog/project.runs/impl_1/bd_0_wrapper_timing_summary_routed.rpt
48,48,2304,ooc_implement,300,-0.95,False,233.463,221112,168811,2304,2304,W4A4_PD_48_48/ooc_implement/freq_300MHz/hls/impl/verilog/report/gemv_kernel_utilization_routed.rpt,W4A4_PD_48_48/ooc_implement/freq_300MHz/hls/impl/verilog/project.runs/impl_1/bd_0_wrapper_timing_summary_routed.rpt
48,48,2304,ooc_implement,320,-0.707,False,260.96,221196,168554,2304,2304,W4A4_PD_48_48/ooc_implement/freq_320MHz/hls/impl/verilog/report/gemv_kernel_utilization_routed.rpt,W4A4_PD_48_48/ooc_implement/freq_320MHz/hls/impl/verilog/project.runs/impl_1/bd_0_wrapper_timing_summary_routed.rpt
48,48,2304,ooc_implement,340,-1.199,False,241.536,221237,170330,2304,2304,W4A4_PD_48_48/ooc_implement/freq_340MHz/hls/impl/verilog/report/gemv_kernel_utilization_routed.rpt,W4A4_PD_48_48/ooc_implement/freq_340MHz/hls/impl/verilog/project.runs/impl_1/bd_0_wrapper_timing_summary_routed.rpt
48,48,2304,ooc_implement,360,-0.558,False,299.78,221288,168649,2304,2304,W4A4_PD_48_48/ooc_implement/freq_360MHz/hls/impl/verilog/report/gemv_kernel_utilization_routed.rpt,W4A4_PD_48_48/ooc_implement/freq_360MHz/hls/impl/verilog/project.runs/impl_1/bd_0_wrapper_timing_summary_routed.rpt
48,48,2304,ooc_implement,380,-2.107,False,211.034,221564,169588,2304,2304,W4A4_PD_48_48/ooc_implement/freq_380MHz/hls/impl/verilog/report/gemv_kernel_utilization_routed.rpt,W4A4_PD_48_48/ooc_implement/freq_380MHz/hls/impl/verilog/project.runs/impl_1/bd_0_wrapper_timing_summary_routed.rpt
48,48,2304,ooc_implement,400,-1.424,False,254.842,221490,169014,2304,2304,W4A4_PD_48_48/ooc_implement/freq_400MHz/hls/impl/verilog/report/gemv_kernel_utilization_routed.rpt,W4A4_PD_48_48/ooc_implement/freq_400MHz/hls/impl/verilog/project.runs/impl_1/bd_0_wrapper_timing_summary_routed.rpt
48,48,2304,ooc_implement1,240,-0.003,False,239.827,221014,168487,2304,2304,W4A4_PD_48_48/ooc_implement1/freq_240MHz/hls/impl/verilog/report/gemv_kernel_utilization_routed.rpt,W4A4_PD_48_48/ooc_implement1/freq_240MHz/hls/impl/verilog/project.runs/impl_1/bd_0_wrapper_timing_summary_routed.rpt
48,48,2304,ooc_implement1,250,0.073,True,254.647,221028,168527,2304,2304,W4A4_PD_48_48/ooc_implement1/freq_250MHz/hls/impl/verilog/report/gemv_kernel_utilization_routed.rpt,W4A4_PD_48_48/ooc_implement1/freq_250MHz/hls/impl/verilog/project.runs/impl_1/bd_0_wrapper_timing_summary_routed.rpt
48,48,2304,ooc_implement1,260,-0.602,False,224.812,221013,168631,2304,2304,W4A4_PD_48_48/ooc_implement1/freq_260MHz/hls/impl/verilog/report/gemv_kernel_utilization_routed.rpt,W4A4_PD_48_48/ooc_implement1/freq_260MHz/hls/impl/verilog/project.runs/impl_1/bd_0_wrapper_timing_summary_routed.rpt
48,48,2304,ooc_implement1,270,-0.281,False,250.96,220949,168578,2304,2304,W4A4_PD_48_48/ooc_implement1/freq_270MHz/hls/impl/verilog/report/gemv_kernel_utilization_routed.rpt,W4A4_PD_48_48/ooc_implement1/freq_270MHz/hls/impl/verilog/project.runs/impl_1/bd_0_wrapper_timing_summary_routed.rpt
48,48,2304,ooc_implement1,280,-0.404,False,251.545,221371,169385,2304,2304,W4A4_PD_48_48/ooc_implement1/freq_280MHz/hls/impl/verilog/report/gemv_kernel_utilization_routed.rpt,W4A4_PD_48_48/ooc_implement1/freq_280MHz/hls/impl/verilog/project.runs/impl_1/bd_0_wrapper_timing_summary_routed.rpt
48,48,2304,ooc_implement1,290,-0.603,False,246.836,221215,168713,2304,2304,W4A4_PD_48_48/ooc_implement1/freq_290MHz/hls/impl/verilog/report/gemv_kernel_utilization_routed.rpt,W4A4_PD_48_48/ooc_implement1/freq_290MHz/hls/impl/verilog/project.runs/impl_1/bd_0_wrapper_timing_summary_routed.rpt
48,48,2304,ooc_implement1,300,-0.95,False,233.463,221112,168811,2304,2304,W4A4_PD_48_48/ooc_implement1/freq_300MHz/hls/impl/verilog/report/gemv_kernel_utilization_routed.rpt,W4A4_PD_48_48/ooc_implement1/freq_300MHz/hls/impl/verilog/project.runs/impl_1/bd_0_wrapper_timing_summary_routed.rpt
64,64,4096,ooc_implement,200,0.123,True,205.044,387110,291314,4096,4096,W4A4_PD_64_64/ooc_implement/freq_200MHz/hls/impl/verilog/report/gemv_kernel_utilization_routed.rpt,W4A4_PD_64_64/ooc_implement/freq_200MHz/hls/impl/verilog/project.runs/impl_1/bd_0_wrapper_timing_summary_routed.rpt
64,64,4096,ooc_implement,220,-0.157,False,212.655,387173,291538,4096,4096,W4A4_PD_64_64/ooc_implement/freq_220MHz/hls/impl/verilog/report/gemv_kernel_utilization_routed.rpt,W4A4_PD_64_64/ooc_implement/freq_220MHz/hls/impl/verilog/project.runs/impl_1/bd_0_wrapper_timing_summary_routed.rpt
64,64,4096,ooc_implement,240,-0.471,False,215.626,387165,291836,4096,4096,W4A4_PD_64_64/ooc_implement/freq_240MHz/hls/impl/verilog/report/gemv_kernel_utilization_routed.rpt,W4A4_PD_64_64/ooc_implement/freq_240MHz/hls/impl/verilog/project.runs/impl_1/bd_0_wrapper_timing_summary_routed.rpt
64,64,4096,ooc_implement,260,-1.347,False,192.561,387334,293270,4096,4096,W4A4_PD_64_64/ooc_implement/freq_260MHz/hls/impl/verilog/report/gemv_kernel_utilization_routed.rpt,W4A4_PD_64_64/ooc_implement/freq_260MHz/hls/impl/verilog/project.runs/impl_1/bd_0_wrapper_timing_summary_routed.rpt
64,64,4096,ooc_implement,280,-1.021,False,217.75,387264,293116,4096,4096,W4A4_PD_64_64/ooc_implement/freq_280MHz/hls/impl/verilog/report/gemv_kernel_utilization_routed.rpt,W4A4_PD_64_64/ooc_implement/freq_280MHz/hls/impl/verilog/project.runs/impl_1/bd_0_wrapper_timing_summary_routed.rpt
64,64,4096,ooc_implement,300,-1.373,False,212.48,387343,291808,4096,4096,W4A4_PD_64_64/ooc_implement/freq_300MHz/hls/impl/verilog/report/gemv_kernel_utilization_routed.rpt,W4A4_PD_64_64/ooc_implement/freq_300MHz/hls/impl/verilog/project.runs/impl_1/bd_0_wrapper_timing_summary_routed.rpt
64,64,4096,ooc_implement,320,-1.237,False,229.253,387329,292186,4096,4096,W4A4_PD_64_64/ooc_implement/freq_320MHz/hls/impl/verilog/report/gemv_kernel_utilization_routed.rpt,W4A4_PD_64_64/ooc_implement/freq_320MHz/hls/impl/verilog/project.runs/impl_1/bd_0_wrapper_timing_summary_routed.rpt
64,64,4096,ooc_implement,340,-1.457,False,227.367,387494,291642,4096,4096,W4A4_PD_64_64/ooc_implement/freq_340MHz/hls/impl/verilog/report/gemv_kernel_utilization_routed.rpt,W4A4_PD_64_64/ooc_implement/freq_340MHz/hls/impl/verilog/project.runs/impl_1/bd_0_wrapper_timing_summary_routed.rpt
64,64,4096,ooc_implement,360,-3.061,False,171.269,388067,291727,4096,4096,W4A4_PD_64_64/ooc_implement/freq_360MHz/hls/impl/verilog/report/gemv_kernel_utilization_routed.rpt,W4A4_PD_64_64/ooc_implement/freq_360MHz/hls/impl/verilog/project.runs/impl_1/bd_0_wrapper_timing_summary_routed.rpt
64,64,4096,ooc_implement,380,-2.02,False,214.981,387397,291687,4096,4096,W4A4_PD_64_64/ooc_implement/freq_380MHz/hls/impl/verilog/report/gemv_kernel_utilization_routed.rpt,W4A4_PD_64_64/ooc_implement/freq_380MHz/hls/impl/verilog/project.runs/impl_1/bd_0_wrapper_timing_summary_routed.rpt
64,64,4096,ooc_implement,400,-2.454,False,201.857,387596,291847,4096,4096,W4A4_PD_64_64/ooc_implement/freq_400MHz/hls/impl/verilog/report/gemv_kernel_utilization_routed.rpt,W4A4_PD_64_64/ooc_implement/freq_400MHz/hls/impl/verilog/project.runs/impl_1/bd_0_wrapper_timing_summary_routed.rpt
64,64,4096,ooc_implement1,200,0.123,True,205.044,387110,291314,4096,4096,W4A4_PD_64_64/ooc_implement1/freq_200MHz/hls/impl/verilog/report/gemv_kernel_utilization_routed.rpt,W4A4_PD_64_64/ooc_implement1/freq_200MHz/hls/impl/verilog/project.runs/impl_1/bd_0_wrapper_timing_summary_routed.rpt
64,64,4096,ooc_implement1,205,0.141,True,211.102,387105,291314,4096,4096,W4A4_PD_64_64/ooc_implement1/freq_205MHz/hls/impl/verilog/report/gemv_kernel_utilization_routed.rpt,W4A4_PD_64_64/ooc_implement1/freq_205MHz/hls/impl/verilog/project.runs/impl_1/bd_0_wrapper_timing_summary_routed.rpt
64,64,4096,ooc_implement1,210,0.138,True,216.267,387215,291297,4096,4096,W4A4_PD_64_64/ooc_implement1/freq_210MHz/hls/impl/verilog/report/gemv_kernel_utilization_routed.rpt,W4A4_PD_64_64/ooc_implement1/freq_210MHz/hls/impl/verilog/project.runs/impl_1/bd_0_wrapper_timing_summary_routed.rpt
64,64,4096,ooc_implement1,215,-0.307,False,201.688,387101,291496,4096,4096,W4A4_PD_64_64/ooc_implement1/freq_215MHz/hls/impl/verilog/report/gemv_kernel_utilization_routed.rpt,W4A4_PD_64_64/ooc_implement1/freq_215MHz/hls/impl/verilog/project.runs/impl_1/bd_0_wrapper_timing_summary_routed.rpt
64,64,4096,ooc_implement1,220,-0.157,False,212.655,387173,291538,4096,4096,W4A4_PD_64_64/ooc_implement1/freq_220MHz/hls/impl/verilog/report/gemv_kernel_utilization_routed.rpt,W4A4_PD_64_64/ooc_implement1/freq_220MHz/hls/impl/verilog/project.runs/impl_1/bd_0_wrapper_timing_summary_routed.rpt
64,64,4096,ooc_implement1,225,-0.758,False,192.217,387138,291384,4096,4096,W4A4_PD_64_64/ooc_implement1/freq_225MHz/hls/impl/verilog/report/gemv_kernel_utilization_routed.rpt,W4A4_PD_64_64/ooc_implement1/freq_225MHz/hls/impl/verilog/project.runs/impl_1/bd_0_wrapper_timing_summary_routed.rpt
64,64,4096,ooc_implement1,230,-0.378,False,211.603,387172,291332,4096,4096,W4A4_PD_64_64/ooc_implement1/freq_230MHz/hls/impl/verilog/report/gemv_kernel_utilization_routed.rpt,W4A4_PD_64_64/ooc_implement1/freq_230MHz/hls/impl/verilog/project.runs/impl_1/bd_0_wrapper_timing_summary_routed.rpt
64,64,4096,ooc_implement1,235,-0.178,False,225.565,387168,291388,4096,4096,W4A4_PD_64_64/ooc_implement1/freq_235MHz/hls/impl/verilog/report/gemv_kernel_utilization_routed.rpt,W4A4_PD_64_64/ooc_implement1/freq_235MHz/hls/impl/verilog/project.runs/impl_1/bd_0_wrapper_timing_summary_routed.rpt
64,64,4096,ooc_implement1,240,-0.471,False,215.626,387165,291836,4096,4096,W4A4_PD_64_64/ooc_implement1/freq_240MHz/hls/impl/verilog/report/gemv_kernel_utilization_routed.rpt,W4A4_PD_64_64/ooc_implement1/freq_240MHz/hls/impl/verilog/project.runs/impl_1/bd_0_wrapper_timing_summary_routed.rpt
80,80,6400,ooc_implement1,190,-1.219,False,154.27,596039,443668,6400,6400,W4A4_PD_80_80/ooc_implement1/freq_190MHz/hls/impl/verilog/report/gemv_kernel_utilization_routed.rpt,W4A4_PD_80_80/ooc_implement1/freq_190MHz/hls/impl/verilog/project.runs/impl_1/bd_0_wrapper_timing_summary_routed.rpt
80,80,6400,ooc_implement1,195,0.02,True,195.763,596740,443711,6400,6400,W4A4_PD_80_80/ooc_implement1/freq_195MHz/hls/impl/verilog/report/gemv_kernel_utilization_routed.rpt,W4A4_PD_80_80/ooc_implement1/freq_195MHz/hls/impl/verilog/project.runs/impl_1/bd_0_wrapper_timing_summary_routed.rpt
80,80,6400,ooc_implement1,200,0.111,True,204.541,595855,443788,6400,6400,W4A4_PD_80_80/ooc_implement1/freq_200MHz/hls/impl/verilog/report/gemv_kernel_utilization_routed.rpt,W4A4_PD_80_80/ooc_implement1/freq_200MHz/hls/impl/verilog/project.runs/impl_1/bd_0_wrapper_timing_summary_routed.rpt
80,80,6400,ooc_implement1,205,0.064,True,207.725,595845,443718,6400,6400,W4A4_PD_80_80/ooc_implement1/freq_205MHz/hls/impl/verilog/report/gemv_kernel_utilization_routed.rpt,W4A4_PD_80_80/ooc_implement1/freq_205MHz/hls/impl/verilog/project.runs/impl_1/bd_0_wrapper_timing_summary_routed.rpt
80,80,6400,ooc_implement1,210,-1.137,False,169.523,596087,444700,6400,6400,W4A4_PD_80_80/ooc_implement1/freq_210MHz/hls/impl/verilog/report/gemv_kernel_utilization_routed.rpt,W4A4_PD_80_80/ooc_implement1/freq_210MHz/hls/impl/verilog/project.runs/impl_1/bd_0_wrapper_timing_summary_routed.rpt
80,80,6400,ooc_implement1,215,0.054,True,217.525,595985,443653,6400,6400,W4A4_PD_80_80/ooc_implement1/freq_215MHz/hls/impl/verilog/report/gemv_kernel_utilization_routed.rpt,W4A4_PD_80_80/ooc_implement1/freq_215MHz/hls/impl/verilog/project.runs/impl_1/bd_0_wrapper_timing_summary_routed.rpt
90,90,8100,ooc_implement,200,0.011,True,200.441,752351,553932,8100,8160,W4A4_PD_90_90/ooc_implement/freq_200MHz/hls/impl/verilog/report/gemv_kernel_utilization_routed.rpt,W4A4_PD_90_90/ooc_implement/freq_200MHz/hls/impl/verilog/project.runs/impl_1/bd_0_wrapper_timing_summary_routed.rpt
90,90,8100,ooc_implement,220,-1.05,False,178.716,751707,555583,8100,8160,W4A4_PD_90_90/ooc_implement/freq_220MHz/hls/impl/verilog/report/gemv_kernel_utilization_routed.rpt,W4A4_PD_90_90/ooc_implement/freq_220MHz/hls/impl/verilog/project.runs/impl_1/bd_0_wrapper_timing_summary_routed.rpt
90,90,8100,ooc_implement,240,-2.4,False,152.284,751972,553963,8100,8160,W4A4_PD_90_90/ooc_implement/freq_240MHz/hls/impl/verilog/report/gemv_kernel_utilization_routed.rpt,W4A4_PD_90_90/ooc_implement/freq_240MHz/hls/impl/verilog/project.runs/impl_1/bd_0_wrapper_timing_summary_routed.rpt
90,90,8100,ooc_implement,260,-1.604,False,183.481,752294,555583,8100,8160,W4A4_PD_90_90/ooc_implement/freq_260MHz/hls/impl/verilog/report/gemv_kernel_utilization_routed.rpt,W4A4_PD_90_90/ooc_implement/freq_260MHz/hls/impl/verilog/project.runs/impl_1/bd_0_wrapper_timing_summary_routed.rpt
90,90,8100,ooc_implement1,190,-1.482,False,148.254,752243,553824,8100,8160,W4A4_PD_90_90/ooc_implement1/freq_190MHz/hls/impl/verilog/report/gemv_kernel_utilization_routed.rpt,W4A4_PD_90_90/ooc_implement1/freq_190MHz/hls/impl/verilog/project.runs/impl_1/bd_0_wrapper_timing_summary_routed.rpt
90,90,8100,ooc_implement1,195,0.111,True,199.314,752269,553891,8100,8160,W4A4_PD_90_90/ooc_implement1/freq_195MHz/hls/impl/verilog/report/gemv_kernel_utilization_routed.rpt,W4A4_PD_90_90/ooc_implement1/freq_195MHz/hls/impl/verilog/project.runs/impl_1/bd_0_wrapper_timing_summary_routed.rpt
90,90,8100,ooc_implement1,200,0.011,True,200.441,752351,553932,8100,8160,W4A4_PD_90_90/ooc_implement1/freq_200MHz/hls/impl/verilog/report/gemv_kernel_utilization_routed.rpt,W4A4_PD_90_90/ooc_implement1/freq_200MHz/hls/impl/verilog/project.runs/impl_1/bd_0_wrapper_timing_summary_routed.rpt
90,90,8100,ooc_implement1,205,-1.79,False,149.969,752333,553913,8100,8160,W4A4_PD_90_90/ooc_implement1/freq_205MHz/hls/impl/verilog/report/gemv_kernel_utilization_routed.rpt,W4A4_PD_90_90/ooc_implement1/freq_205MHz/hls/impl/verilog/project.runs/impl_1/bd_0_wrapper_timing_summary_routed.rpt
