top_module,report,clb_luts,lut_as_logic,lut_as_memory,clb_registers,dsp
W3A4_lsb_depth1,area-ablation\out\vivado_resource\W3A4_lsb_depth1_utilization_synth.rpt,1,1,0,0,0
W3A4_lsb_depth2,area-ablation\out\vivado_resource\W3A4_lsb_depth2_utilization_synth.rpt,1,1,0,0,0
W3A4_lsb_depth3,area-ablation\out\vivado_resource\W3A4_lsb_depth3_utilization_synth.rpt,2,2,0,0,0
W3A4_lsb_depth4,area-ablation\out\vivado_resource\W3A4_lsb_depth4_utilization_synth.rpt,2,2,0,0,0
W3A4_lsb_depth5,area-ablation\out\vivado_resource\W3A4_lsb_depth5_utilization_synth.rpt,3,3,0,0,0
W3A4_lsb_depth6,area-ablation\out\vivado_resource\W3A4_lsb_depth6_utilization_synth.rpt,3,3,0,0,0
W3A4_stage_s0_original,area-ablation\out\vivado_resource\W3A4_stage_s0_original_utilization_synth.rpt,137,112,25,55,1
W3A4_stage_s1_weight_offline,area-ablation\out\vivado_resource\W3A4_stage_s1_weight_offline_utilization_synth.rpt,126,101,25,55,1
W3A4_stage_s2_registered_c,area-ablation\out\vivado_resource\W3A4_stage_s2_registered_c_utilization_synth.rpt,114,105,9,87,1
W3A4_stage_s3_xor_sign,area-ablation\out\vivado_resource\W3A4_stage_s3_xor_sign_utilization_synth.rpt,97,88,9,87,1
W3A5_lsb_depth1,area-ablation\out\vivado_resource\W3A5_lsb_depth1_utilization_synth.rpt,1,1,0,0,0
W3A5_lsb_depth2,area-ablation\out\vivado_resource\W3A5_lsb_depth2_utilization_synth.rpt,1,1,0,0,0
W3A5_lsb_depth3,area-ablation\out\vivado_resource\W3A5_lsb_depth3_utilization_synth.rpt,2,2,0,0,0
W3A5_lsb_depth4,area-ablation\out\vivado_resource\W3A5_lsb_depth4_utilization_synth.rpt,3,3,0,0,0
W3A5_lsb_depth5,area-ablation\out\vivado_resource\W3A5_lsb_depth5_utilization_synth.rpt,4,4,0,0,0
W3A5_lsb_depth6,area-ablation\out\vivado_resource\W3A5_lsb_depth6_utilization_synth.rpt,5,5,0,0,0
W3A5_stage_s0_original,area-ablation\out\vivado_resource\W3A5_stage_s0_original_utilization_synth.rpt,131,109,22,49,1
W3A5_stage_s1_weight_offline,area-ablation\out\vivado_resource\W3A5_stage_s1_weight_offline_utilization_synth.rpt,124,102,22,49,1
W3A5_stage_s2_registered_c,area-ablation\out\vivado_resource\W3A5_stage_s2_registered_c_utilization_synth.rpt,107,100,7,79,1
W3A5_stage_s3_xor_sign,area-ablation\out\vivado_resource\W3A5_stage_s3_xor_sign_utilization_synth.rpt,82,75,7,79,1
W4A4_lsb_depth1,area-ablation\out\vivado_resource\W4A4_lsb_depth1_utilization_synth.rpt,1,1,0,0,0
W4A4_lsb_depth2,area-ablation\out\vivado_resource\W4A4_lsb_depth2_utilization_synth.rpt,1,1,0,0,0
W4A4_lsb_depth3,area-ablation\out\vivado_resource\W4A4_lsb_depth3_utilization_synth.rpt,2,2,0,0,0
W4A4_lsb_depth4,area-ablation\out\vivado_resource\W4A4_lsb_depth4_utilization_synth.rpt,3,3,0,0,0
W4A4_lsb_depth5,area-ablation\out\vivado_resource\W4A4_lsb_depth5_utilization_synth.rpt,4,4,0,0,0
W4A4_lsb_depth6,area-ablation\out\vivado_resource\W4A4_lsb_depth6_utilization_synth.rpt,5,5,0,0,0
W4A4_stage_s0_original,area-ablation\out\vivado_resource\W4A4_stage_s0_original_utilization_synth.rpt,121,96,25,31,1
W4A4_stage_s1_weight_offline,area-ablation\out\vivado_resource\W4A4_stage_s1_weight_offline_utilization_synth.rpt,108,83,25,31,1
W4A4_stage_s2_registered_c,area-ablation\out\vivado_resource\W4A4_stage_s2_registered_c_utilization_synth.rpt,91,84,7,67,1
W4A4_stage_s3_xor_sign,area-ablation\out\vivado_resource\W4A4_stage_s3_xor_sign_utilization_synth.rpt,75,68,7,67,1
W4A5_lsb_depth1,area-ablation\out\vivado_resource\W4A5_lsb_depth1_utilization_synth.rpt,1,1,0,0,0
W4A5_lsb_depth2,area-ablation\out\vivado_resource\W4A5_lsb_depth2_utilization_synth.rpt,1,1,0,0,0
W4A5_lsb_depth3,area-ablation\out\vivado_resource\W4A5_lsb_depth3_utilization_synth.rpt,2,2,0,0,0
W4A5_lsb_depth4,area-ablation\out\vivado_resource\W4A5_lsb_depth4_utilization_synth.rpt,4,4,0,0,0
W4A5_lsb_depth5,area-ablation\out\vivado_resource\W4A5_lsb_depth5_utilization_synth.rpt,6,6,0,0,0
W4A5_lsb_depth6,area-ablation\out\vivado_resource\W4A5_lsb_depth6_utilization_synth.rpt,8,8,0,0,0
W4A5_stage_s0_original,area-ablation\out\vivado_resource\W4A5_stage_s0_original_utilization_synth.rpt,125,104,21,33,1
W4A5_stage_s1_weight_offline,area-ablation\out\vivado_resource\W4A5_stage_s1_weight_offline_utilization_synth.rpt,111,90,21,33,1
W4A5_stage_s2_registered_c,area-ablation\out\vivado_resource\W4A5_stage_s2_registered_c_utilization_synth.rpt,96,90,6,63,1
W4A5_stage_s3_xor_sign,area-ablation\out\vivado_resource\W4A5_stage_s3_xor_sign_utilization_synth.rpt,82,76,6,63,1
W5A4_lsb_depth1,area-ablation\out\vivado_resource\W5A4_lsb_depth1_utilization_synth.rpt,1,1,0,0,0
W5A4_lsb_depth2,area-ablation\out\vivado_resource\W5A4_lsb_depth2_utilization_synth.rpt,1,1,0,0,0
W5A4_lsb_depth3,area-ablation\out\vivado_resource\W5A4_lsb_depth3_utilization_synth.rpt,2,2,0,0,0
W5A4_lsb_depth4,area-ablation\out\vivado_resource\W5A4_lsb_depth4_utilization_synth.rpt,4,4,0,0,0
W5A4_lsb_depth5,area-ablation\out\vivado_resource\W5A4_lsb_depth5_utilization_synth.rpt,6,6,0,0,0
W5A4_lsb_depth6,area-ablation\out\vivado_resource\W5A4_lsb_depth6_utilization_synth.rpt,8,8,0,0,0
W5A4_stage_s0_original,area-ablation\out\vivado_resource\W5A4_stage_s0_original_utilization_synth.rpt,126,108,18,42,1
W5A4_stage_s1_weight_offline,area-ablation\out\vivado_resource\W5A4_stage_s1_weight_offline_utilization_synth.rpt,114,96,18,42,1
W5A4_stage_s2_registered_c,area-ablation\out\vivado_resource\W5A4_stage_s2_registered_c_utilization_synth.rpt,110,105,5,68,1
W5A4_stage_s3_xor_sign,area-ablation\out\vivado_resource\W5A4_stage_s3_xor_sign_utilization_synth.rpt,89,84,5,68,1
W5A5_lsb_depth1,area-ablation\out\vivado_resource\W5A5_lsb_depth1_utilization_synth.rpt,1,1,0,0,0
W5A5_lsb_depth2,area-ablation\out\vivado_resource\W5A5_lsb_depth2_utilization_synth.rpt,1,1,0,0,0
W5A5_lsb_depth3,area-ablation\out\vivado_resource\W5A5_lsb_depth3_utilization_synth.rpt,2,2,0,0,0
W5A5_lsb_depth4,area-ablation\out\vivado_resource\W5A5_lsb_depth4_utilization_synth.rpt,6,6,0,0,0
W5A5_lsb_depth5,area-ablation\out\vivado_resource\W5A5_lsb_depth5_utilization_synth.rpt,9,9,0,0,0
W5A5_lsb_depth6,area-ablation\out\vivado_resource\W5A5_lsb_depth6_utilization_synth.rpt,11,11,0,0,0
W5A5_stage_s0_original,area-ablation\out\vivado_resource\W5A5_stage_s0_original_utilization_synth.rpt,119,98,21,21,1
W5A5_stage_s1_weight_offline,area-ablation\out\vivado_resource\W5A5_stage_s1_weight_offline_utilization_synth.rpt,108,87,21,21,1
W5A5_stage_s2_registered_c,area-ablation\out\vivado_resource\W5A5_stage_s2_registered_c_utilization_synth.rpt,93,87,6,51,1
W5A5_stage_s3_xor_sign,area-ablation\out\vivado_resource\W5A5_stage_s3_xor_sign_utilization_synth.rpt,74,68,6,51,1
